Effect Name,StartTime,EndTime,Duration,Description,Element,ElementType,Files
"On",00:05.400,00:05.500,00:00.100,"","RedSpotlights",Model Group,
"On",00:05.600,00:05.700,00:00.100,"","RedSpotlights",Model Group,
"On",00:05.800,00:05.900,00:00.100,"","RedSpotlights",Model Group,
"On",00:06.000,00:06.100,00:00.100,"","RedSpotlights",Model Group,
"On",00:06.200,00:06.300,00:00.100,"","RedSpotlights",Model Group,
"On",00:06.400,00:06.500,00:00.100,"","RedSpotlights",Model Group,
"On",00:06.600,00:06.700,00:00.100,"","RedSpotlights",Model Group,
"On",00:06.800,00:06.900,00:00.100,"","RedSpotlights",Model Group,
"On",01:40.900,01:41.100,00:00.200,"","RedSpotlights",Model Group,
"On",01:52.250,01:52.350,00:00.100,"","RedSpotlights",Model Group,
"On",01:52.450,01:52.550,00:00.100,"","RedSpotlights",Model Group,
"On",01:52.650,01:52.750,00:00.100,"","RedSpotlights",Model Group,
"On",01:52.850,01:52.950,00:00.100,"","RedSpotlights",Model Group,
"On",01:53.050,01:53.150,00:00.100,"","RedSpotlights",Model Group,
"On",01:53.250,01:53.350,00:00.100,"","RedSpotlights",Model Group,
"On",01:53.450,01:53.550,00:00.100,"","RedSpotlights",Model Group,
"On",01:53.650,01:53.750,00:00.100,"","RedSpotlights",Model Group,
"On",02:45.800,02:46.000,00:00.200,"","RedSpotlights",Model Group,
"On",02:46.200,02:46.400,00:00.200,"","RedSpotlights",Model Group,
"On",02:46.600,02:46.800,00:00.200,"","RedSpotlights",Model Group,
"On",02:47.000,02:47.200,00:00.200,"","RedSpotlights",Model Group,
"On",02:47.400,02:47.600,00:00.200,"","RedSpotlights",Model Group,
"On",02:47.800,02:48.000,00:00.200,"","RedSpotlights",Model Group,
"On",02:48.200,02:48.400,00:00.200,"","RedSpotlights",Model Group,
"On",02:48.600,02:48.800,00:00.200,"","RedSpotlights",Model Group,
"On",02:50.650,02:50.850,00:00.200,"","RedSpotlights",Model Group,
"On",02:51.050,02:51.250,00:00.200,"","RedSpotlights",Model Group,
"On",02:51.450,02:51.650,00:00.200,"","RedSpotlights",Model Group,
"On",02:51.850,02:52.050,00:00.200,"","RedSpotlights",Model Group,
"On",02:52.250,02:52.450,00:00.200,"","RedSpotlights",Model Group,
"On",02:52.650,02:52.850,00:00.200,"","RedSpotlights",Model Group,
"On",02:53.050,02:53.250,00:00.200,"","RedSpotlights",Model Group,
"On",02:53.450,02:53.650,00:00.200,"","RedSpotlights",Model Group,
"On",02:53.850,02:54.050,00:00.200,"","RedSpotlights",Model Group,
"On",02:54.250,02:54.450,00:00.200,"","RedSpotlights",Model Group,
"On",02:54.650,02:54.850,00:00.200,"","RedSpotlights",Model Group,
"On",02:55.050,02:55.250,00:00.200,"","RedSpotlights",Model Group,
"On",02:57.100,02:57.300,00:00.200,"","RedSpotlights",Model Group,
"On",02:57.500,02:57.700,00:00.200,"","RedSpotlights",Model Group,
"On",02:57.900,02:58.100,00:00.200,"","RedSpotlights",Model Group,
"On",02:58.300,02:58.500,00:00.200,"","RedSpotlights",Model Group,
"On",00:05.300,00:05.400,00:00.100,"","RedTrees",Model Group,
"On",00:05.500,00:05.600,00:00.100,"","RedTrees",Model Group,
"On",00:05.700,00:05.800,00:00.100,"","RedTrees",Model Group,
"On",00:05.900,00:06.000,00:00.100,"","RedTrees",Model Group,
"On",00:06.100,00:06.200,00:00.100,"","RedTrees",Model Group,
"On",00:06.300,00:06.400,00:00.100,"","RedTrees",Model Group,
"On",00:06.500,00:06.600,00:00.100,"","RedTrees",Model Group,
"On",00:06.700,00:06.800,00:00.100,"","RedTrees",Model Group,
"On",00:06.900,00:07.000,00:00.100,"","RedTrees",Model Group,
"On",01:52.150,01:52.250,00:00.100,"","RedTrees",Model Group,
"On",01:52.350,01:52.450,00:00.100,"","RedTrees",Model Group,
"On",01:52.550,01:52.650,00:00.100,"","RedTrees",Model Group,
"On",01:52.750,01:52.850,00:00.100,"","RedTrees",Model Group,
"On",01:52.950,01:53.050,00:00.100,"","RedTrees",Model Group,
"On",01:53.150,01:53.250,00:00.100,"","RedTrees",Model Group,
"On",01:53.350,01:53.450,00:00.100,"","RedTrees",Model Group,
"On",01:53.550,01:53.650,00:00.100,"","RedTrees",Model Group,
"On",01:53.750,01:53.850,00:00.100,"","RedTrees",Model Group,
"On",02:47.400,02:47.600,00:00.200,"","RedTrees",Model Group,
"On",02:47.800,02:48.000,00:00.200,"","RedTrees",Model Group,
"On",02:48.200,02:48.400,00:00.200,"","RedTrees",Model Group,
"On",02:48.600,02:48.800,00:00.200,"","RedTrees",Model Group,
"On",02:49.050,02:49.250,00:00.200,"","RedTrees",Model Group,
"On",02:49.450,02:49.650,00:00.200,"","RedTrees",Model Group,
"On",02:49.850,02:50.050,00:00.200,"","RedTrees",Model Group,
"On",02:50.250,02:50.450,00:00.200,"","RedTrees",Model Group,
"On",02:50.650,02:50.850,00:00.200,"","RedTrees",Model Group,
"On",02:51.050,02:51.250,00:00.200,"","RedTrees",Model Group,
"On",02:51.450,02:51.650,00:00.200,"","RedTrees",Model Group,
"On",02:51.850,02:52.050,00:00.200,"","RedTrees",Model Group,
"On",02:53.850,02:54.050,00:00.200,"","RedTrees",Model Group,
"On",02:54.250,02:54.450,00:00.200,"","RedTrees",Model Group,
"On",02:54.650,02:54.850,00:00.200,"","RedTrees",Model Group,
"On",02:55.050,02:55.250,00:00.200,"","RedTrees",Model Group,
"On",02:55.500,02:55.700,00:00.200,"","RedTrees",Model Group,
"On",02:55.900,02:56.100,00:00.200,"","RedTrees",Model Group,
"On",02:56.300,02:56.500,00:00.200,"","RedTrees",Model Group,
"On",02:56.700,02:56.900,00:00.200,"","RedTrees",Model Group,
"On",02:57.100,02:57.300,00:00.200,"","RedTrees",Model Group,
"On",02:57.500,02:57.700,00:00.200,"","RedTrees",Model Group,
"On",02:57.900,02:58.100,00:00.200,"","RedTrees",Model Group,
"On",02:58.300,02:58.500,00:00.200,"","RedTrees",Model Group,
"On",01:37.700,01:38.500,00:00.800,"","WhiteColumns",Model Group,
"On",01:39.300,01:39.500,00:00.200,"","WhiteColumns",Model Group,
"On",01:39.700,01:39.900,00:00.200,"","WhiteColumns",Model Group,
"On",01:40.100,01:40.300,00:00.200,"","WhiteColumns",Model Group,
"On",01:40.500,01:40.700,00:00.200,"","WhiteColumns",Model Group,
"On",01:40.900,01:41.100,00:00.200,"","WhiteColumns",Model Group,
"On",01:42.350,01:42.550,00:00.200,"","WhiteColumns",Model Group,
"On",01:43.550,01:43.750,00:00.200,"","WhiteColumns",Model Group,
"On",01:43.800,01:44.000,00:00.200,"","WhiteColumns",Model Group,
"On",01:45.150,01:45.350,00:00.200,"","WhiteColumns",Model Group,
"On",01:47.000,01:47.200,00:00.200,"","WhiteColumns",Model Group,
"On",01:47.850,01:48.050,00:00.200,"","WhiteColumns",Model Group,
"On",01:48.650,01:48.850,00:00.200,"","WhiteColumns",Model Group,
"On",01:49.450,01:49.650,00:00.200,"","WhiteColumns",Model Group,
"On",01:50.250,01:50.450,00:00.200,"","WhiteColumns",Model Group,
"On",01:51.050,01:51.250,00:00.200,"","WhiteColumns",Model Group,
"On",01:51.800,01:52.000,00:00.200,"","WhiteColumns",Model Group,
"On",01:53.900,01:54.100,00:00.200,"","WhiteColumns",Model Group,
"On",01:54.800,01:55.000,00:00.200,"","WhiteColumns",Model Group,
"On",01:55.300,01:55.500,00:00.200,"","WhiteColumns",Model Group,
"On",01:55.550,01:55.750,00:00.200,"","WhiteColumns",Model Group,
"On",01:56.450,01:56.650,00:00.200,"","WhiteColumns",Model Group,
"On",01:56.950,01:57.150,00:00.200,"","WhiteColumns",Model Group,
"On",01:57.200,01:57.400,00:00.200,"","WhiteColumns",Model Group,
"On",01:58.100,01:58.300,00:00.200,"","WhiteColumns",Model Group,
"On",01:58.600,01:58.800,00:00.200,"","WhiteColumns",Model Group,
"On",01:58.800,01:59.000,00:00.200,"","WhiteColumns",Model Group,
"On",01:59.700,01:59.900,00:00.200,"","WhiteColumns",Model Group,
"On",02:00.200,02:00.400,00:00.200,"","WhiteColumns",Model Group,
"On",02:00.400,02:00.600,00:00.200,"","WhiteColumns",Model Group,
"On",02:01.300,02:01.500,00:00.200,"","WhiteColumns",Model Group,
"On",02:01.800,02:02.000,00:00.200,"","WhiteColumns",Model Group,
"On",02:02.000,02:02.200,00:00.200,"","WhiteColumns",Model Group,
"On",02:02.900,02:03.100,00:00.200,"","WhiteColumns",Model Group,
"On",02:03.400,02:03.600,00:00.200,"","WhiteColumns",Model Group,
"On",02:03.600,02:03.800,00:00.200,"","WhiteColumns",Model Group,
"On",02:04.500,02:04.700,00:00.200,"","WhiteColumns",Model Group,
"On",02:05.000,02:05.200,00:00.200,"","WhiteColumns",Model Group,
"On",02:05.200,02:05.400,00:00.200,"","WhiteColumns",Model Group,
"On",02:06.100,02:06.300,00:00.200,"","WhiteColumns",Model Group,
"On",02:06.600,02:06.800,00:00.200,"","WhiteColumns",Model Group,
"On",02:58.850,02:59.050,00:00.200,"","WhiteColumns",Model Group,
"On",02:59.750,02:59.950,00:00.200,"","WhiteColumns",Model Group,
"On",03:00.250,03:00.450,00:00.200,"","WhiteColumns",Model Group,
"On",03:00.450,03:00.650,00:00.200,"","WhiteColumns",Model Group,
"On",03:01.350,03:01.550,00:00.200,"","WhiteColumns",Model Group,
"On",03:01.850,03:02.050,00:00.200,"","WhiteColumns",Model Group,
"On",03:02.100,03:02.300,00:00.200,"","WhiteColumns",Model Group,
"On",03:03.000,03:03.200,00:00.200,"","WhiteColumns",Model Group,
"On",03:03.500,03:03.700,00:00.200,"","WhiteColumns",Model Group,
"On",03:03.750,03:03.950,00:00.200,"","WhiteColumns",Model Group,
"On",03:04.650,03:04.850,00:00.200,"","WhiteColumns",Model Group,
"On",03:05.150,03:05.350,00:00.200,"","WhiteColumns",Model Group,
"On",03:05.350,03:05.550,00:00.200,"","WhiteColumns",Model Group,
"On",03:06.250,03:06.450,00:00.200,"","WhiteColumns",Model Group,
"On",03:06.750,03:06.950,00:00.200,"","WhiteColumns",Model Group,
"On",03:07.000,03:07.200,00:00.200,"","WhiteColumns",Model Group,
"On",03:07.900,03:08.100,00:00.200,"","WhiteColumns",Model Group,
"On",03:08.400,03:08.600,00:00.200,"","WhiteColumns",Model Group,
"On",03:08.650,03:08.850,00:00.200,"","WhiteColumns",Model Group,
"On",03:09.550,03:09.750,00:00.200,"","WhiteColumns",Model Group,
"On",03:10.050,03:10.250,00:00.200,"","WhiteColumns",Model Group,
"On",01:38.500,01:39.300,00:00.800,"","WhiteTrees",Model Group,
"On",01:39.500,01:39.700,00:00.200,"","WhiteTrees",Model Group,
"On",01:39.900,01:40.100,00:00.200,"","WhiteTrees",Model Group,
"On",01:40.300,01:40.500,00:00.200,"","WhiteTrees",Model Group,
"On",01:40.700,01:40.900,00:00.200,"","WhiteTrees",Model Group,
"On",01:41.950,01:42.150,00:00.200,"","WhiteTrees",Model Group,
"On",01:42.550,01:42.750,00:00.200,"","WhiteTrees",Model Group,
"On",01:44.200,01:44.400,00:00.200,"","WhiteTrees",Model Group,
"On",01:45.600,01:45.800,00:00.200,"","WhiteTrees",Model Group,
"On",01:45.850,01:46.050,00:00.200,"","WhiteTrees",Model Group,
"On",01:47.250,01:47.450,00:00.200,"","WhiteTrees",Model Group,
"On",01:47.500,01:47.700,00:00.200,"","WhiteTrees",Model Group,
"On",01:48.100,01:48.300,00:00.200,"","WhiteTrees",Model Group,
"On",01:48.350,01:48.550,00:00.200,"","WhiteTrees",Model Group,
"On",01:48.900,01:49.100,00:00.200,"","WhiteTrees",Model Group,
"On",01:49.150,01:49.350,00:00.200,"","WhiteTrees",Model Group,
"On",01:49.700,01:49.900,00:00.200,"","WhiteTrees",Model Group,
"On",01:49.950,01:50.150,00:00.200,"","WhiteTrees",Model Group,
"On",01:50.500,01:50.700,00:00.200,"","WhiteTrees",Model Group,
"On",01:50.750,01:50.950,00:00.200,"","WhiteTrees",Model Group,
"On",01:51.300,01:51.500,00:00.200,"","WhiteTrees",Model Group,
"On",01:51.550,01:51.750,00:00.200,"","WhiteTrees",Model Group,
"On",01:52.050,01:52.250,00:00.200,"","WhiteTrees",Model Group,
"On",01:52.300,01:52.500,00:00.200,"","WhiteTrees",Model Group,
"On",01:54.250,01:54.450,00:00.200,"","WhiteTrees",Model Group,
"On",01:54.500,01:54.700,00:00.200,"","WhiteTrees",Model Group,
"On",01:55.050,01:55.250,00:00.200,"","WhiteTrees",Model Group,
"On",01:55.900,01:56.100,00:00.200,"","WhiteTrees",Model Group,
"On",01:56.150,01:56.350,00:00.200,"","WhiteTrees",Model Group,
"On",01:56.700,01:56.900,00:00.200,"","WhiteTrees",Model Group,
"On",01:57.550,01:57.750,00:00.200,"","WhiteTrees",Model Group,
"On",01:57.800,01:58.000,00:00.200,"","WhiteTrees",Model Group,
"On",01:58.350,01:58.550,00:00.200,"","WhiteTrees",Model Group,
"On",01:59.150,01:59.350,00:00.200,"","WhiteTrees",Model Group,
"On",01:59.400,01:59.600,00:00.200,"","WhiteTrees",Model Group,
"On",01:59.950,02:00.150,00:00.200,"","WhiteTrees",Model Group,
"On",02:00.750,02:00.950,00:00.200,"","WhiteTrees",Model Group,
"On",02:01.000,02:01.200,00:00.200,"","WhiteTrees",Model Group,
"On",02:01.550,02:01.750,00:00.200,"","WhiteTrees",Model Group,
"On",02:02.350,02:02.550,00:00.200,"","WhiteTrees",Model Group,
"On",02:02.600,02:02.800,00:00.200,"","WhiteTrees",Model Group,
"On",02:03.150,02:03.350,00:00.200,"","WhiteTrees",Model Group,
"On",02:03.950,02:04.150,00:00.200,"","WhiteTrees",Model Group,
"On",02:04.200,02:04.400,00:00.200,"","WhiteTrees",Model Group,
"On",02:04.750,02:04.950,00:00.200,"","WhiteTrees",Model Group,
"On",02:05.550,02:05.750,00:00.200,"","WhiteTrees",Model Group,
"On",02:05.800,02:06.000,00:00.200,"","WhiteTrees",Model Group,
"On",02:06.350,02:06.550,00:00.200,"","WhiteTrees",Model Group,
"On",02:59.200,02:59.400,00:00.200,"","WhiteTrees",Model Group,
"On",02:59.450,02:59.650,00:00.200,"","WhiteTrees",Model Group,
"On",03:00.000,03:00.200,00:00.200,"","WhiteTrees",Model Group,
"On",03:00.800,03:01.000,00:00.200,"","WhiteTrees",Model Group,
"On",03:01.050,03:01.250,00:00.200,"","WhiteTrees",Model Group,
"On",03:01.600,03:01.800,00:00.200,"","WhiteTrees",Model Group,
"On",03:02.450,03:02.650,00:00.200,"","WhiteTrees",Model Group,
"On",03:02.700,03:02.900,00:00.200,"","WhiteTrees",Model Group,
"On",03:03.250,03:03.450,00:00.200,"","WhiteTrees",Model Group,
"On",03:04.100,03:04.300,00:00.200,"","WhiteTrees",Model Group,
"On",03:04.350,03:04.550,00:00.200,"","WhiteTrees",Model Group,
"On",03:04.900,03:05.100,00:00.200,"","WhiteTrees",Model Group,
"On",03:05.700,03:05.900,00:00.200,"","WhiteTrees",Model Group,
"On",03:05.950,03:06.150,00:00.200,"","WhiteTrees",Model Group,
"On",03:06.500,03:06.700,00:00.200,"","WhiteTrees",Model Group,
"On",03:07.350,03:07.550,00:00.200,"","WhiteTrees",Model Group,
"On",03:07.600,03:07.800,00:00.200,"","WhiteTrees",Model Group,
"On",03:08.150,03:08.350,00:00.200,"","WhiteTrees",Model Group,
"On",03:09.000,03:09.200,00:00.200,"","WhiteTrees",Model Group,
"On",03:09.250,03:09.450,00:00.200,"","WhiteTrees",Model Group,
"On",03:09.800,03:10.000,00:00.200,"","WhiteTrees",Model Group,
"On",03:11.850,03:12.100,00:00.250,"","WhiteAll",Model Group,
"On",03:12.500,03:21.400,00:08.900,"","WhiteAll",Model Group,
"On",00:07.000,00:07.200,00:00.200,"","WhiteLeftSide",Model Group,
"On",00:07.400,00:07.600,00:00.200,"","WhiteLeftSide",Model Group,
"On",00:07.800,00:08.000,00:00.200,"","WhiteLeftSide",Model Group,
"On",00:08.200,00:08.400,00:00.200,"","WhiteLeftSide",Model Group,
"On",00:08.600,00:08.800,00:00.200,"","WhiteLeftSide",Model Group,
"On",00:09.000,00:09.200,00:00.200,"","WhiteLeftSide",Model Group,
"On",00:09.400,00:09.600,00:00.200,"","WhiteLeftSide",Model Group,
"On",00:09.800,00:10.000,00:00.200,"","WhiteLeftSide",Model Group,
"On",00:13.200,00:13.400,00:00.200,"","WhiteLeftSide",Model Group,
"On",00:13.600,00:13.800,00:00.200,"","WhiteLeftSide",Model Group,
"On",00:14.000,00:14.200,00:00.200,"","WhiteLeftSide",Model Group,
"On",00:14.400,00:14.600,00:00.200,"","WhiteLeftSide",Model Group,
"On",00:14.800,00:15.000,00:00.200,"","WhiteLeftSide",Model Group,
"On",00:15.200,00:15.400,00:00.200,"","WhiteLeftSide",Model Group,
"On",00:15.600,00:15.800,00:00.200,"","WhiteLeftSide",Model Group,
"On",00:16.000,00:16.200,00:00.200,"","WhiteLeftSide",Model Group,
"On",00:45.850,00:46.050,00:00.200,"","WhiteLeftSide",Model Group,
"On",00:46.250,00:46.450,00:00.200,"","WhiteLeftSide",Model Group,
"On",00:46.650,00:46.850,00:00.200,"","WhiteLeftSide",Model Group,
"On",00:47.050,00:47.250,00:00.200,"","WhiteLeftSide",Model Group,
"On",00:47.450,00:47.650,00:00.200,"","WhiteLeftSide",Model Group,
"On",00:47.850,00:48.050,00:00.200,"","WhiteLeftSide",Model Group,
"On",00:48.250,00:48.450,00:00.200,"","WhiteLeftSide",Model Group,
"On",00:48.650,00:48.850,00:00.200,"","WhiteLeftSide",Model Group,
"On",00:50.700,00:50.900,00:00.200,"","WhiteLeftSide",Model Group,
"On",00:51.100,00:51.300,00:00.200,"","WhiteLeftSide",Model Group,
"On",00:51.500,00:51.700,00:00.200,"","WhiteLeftSide",Model Group,
"On",00:51.900,00:52.100,00:00.200,"","WhiteLeftSide",Model Group,
"On",00:52.400,00:52.600,00:00.200,"","WhiteLeftSide",Model Group,
"On",00:52.800,00:53.000,00:00.200,"","WhiteLeftSide",Model Group,
"On",00:53.200,00:53.400,00:00.200,"","WhiteLeftSide",Model Group,
"On",00:53.600,00:53.800,00:00.200,"","WhiteLeftSide",Model Group,
"On",00:54.000,00:54.200,00:00.200,"","WhiteLeftSide",Model Group,
"On",00:54.400,00:54.600,00:00.200,"","WhiteLeftSide",Model Group,
"On",00:54.800,00:55.000,00:00.200,"","WhiteLeftSide",Model Group,
"On",00:55.200,00:55.400,00:00.200,"","WhiteLeftSide",Model Group,
"On",00:57.250,00:57.450,00:00.200,"","WhiteLeftSide",Model Group,
"On",00:57.650,00:57.850,00:00.200,"","WhiteLeftSide",Model Group,
"On",00:58.050,00:58.250,00:00.200,"","WhiteLeftSide",Model Group,
"On",00:58.450,00:58.650,00:00.200,"","WhiteLeftSide",Model Group,
"On",01:24.800,01:25.000,00:00.200,"","WhiteLeftSide",Model Group,
"On",01:25.200,01:25.400,00:00.200,"","WhiteLeftSide",Model Group,
"On",01:25.600,01:25.800,00:00.200,"","WhiteLeftSide",Model Group,
"On",01:26.000,01:26.200,00:00.200,"","WhiteLeftSide",Model Group,
"On",01:26.400,01:26.600,00:00.200,"","WhiteLeftSide",Model Group,
"On",01:26.800,01:27.000,00:00.200,"","WhiteLeftSide",Model Group,
"On",01:27.200,01:27.400,00:00.200,"","WhiteLeftSide",Model Group,
"On",01:27.600,01:27.800,00:00.200,"","WhiteLeftSide",Model Group,
"On",01:29.650,01:29.850,00:00.200,"","WhiteLeftSide",Model Group,
"On",01:30.050,01:30.250,00:00.200,"","WhiteLeftSide",Model Group,
"On",01:30.450,01:30.650,00:00.200,"","WhiteLeftSide",Model Group,
"On",01:30.850,01:31.050,00:00.200,"","WhiteLeftSide",Model Group,
"On",01:31.250,01:31.450,00:00.200,"","WhiteLeftSide",Model Group,
"On",01:31.650,01:31.850,00:00.200,"","WhiteLeftSide",Model Group,
"On",01:32.050,01:32.250,00:00.200,"","WhiteLeftSide",Model Group,
"On",01:32.450,01:32.650,00:00.200,"","WhiteLeftSide",Model Group,
"On",01:32.850,01:33.050,00:00.200,"","WhiteLeftSide",Model Group,
"On",01:33.250,01:33.450,00:00.200,"","WhiteLeftSide",Model Group,
"On",01:33.650,01:33.850,00:00.200,"","WhiteLeftSide",Model Group,
"On",01:34.050,01:34.250,00:00.200,"","WhiteLeftSide",Model Group,
"On",01:36.100,01:36.300,00:00.200,"","WhiteLeftSide",Model Group,
"On",01:36.500,01:36.700,00:00.200,"","WhiteLeftSide",Model Group,
"On",01:36.900,01:37.100,00:00.200,"","WhiteLeftSide",Model Group,
"On",01:37.300,01:37.500,00:00.200,"","WhiteLeftSide",Model Group,
"On",02:06.800,02:07.000,00:00.200,"","WhiteLeftSide",Model Group,
"On",02:07.200,02:07.400,00:00.200,"","WhiteLeftSide",Model Group,
"On",02:07.600,02:07.800,00:00.200,"","WhiteLeftSide",Model Group,
"On",02:08.000,02:08.200,00:00.200,"","WhiteLeftSide",Model Group,
"On",02:08.400,02:08.600,00:00.200,"","WhiteLeftSide",Model Group,
"On",02:08.800,02:09.000,00:00.200,"","WhiteLeftSide",Model Group,
"On",02:09.200,02:09.400,00:00.200,"","WhiteLeftSide",Model Group,
"On",02:09.600,02:09.800,00:00.200,"","WhiteLeftSide",Model Group,
"On",02:11.650,02:11.850,00:00.200,"","WhiteLeftSide",Model Group,
"On",02:12.050,02:12.250,00:00.200,"","WhiteLeftSide",Model Group,
"On",02:12.450,02:12.650,00:00.200,"","WhiteLeftSide",Model Group,
"On",02:12.850,02:13.050,00:00.200,"","WhiteLeftSide",Model Group,
"On",02:13.250,02:13.450,00:00.200,"","WhiteLeftSide",Model Group,
"On",02:13.650,02:13.850,00:00.200,"","WhiteLeftSide",Model Group,
"On",02:14.050,02:14.250,00:00.200,"","WhiteLeftSide",Model Group,
"On",02:14.450,02:14.650,00:00.200,"","WhiteLeftSide",Model Group,
"On",02:14.850,02:15.050,00:00.200,"","WhiteLeftSide",Model Group,
"On",02:15.250,02:15.450,00:00.200,"","WhiteLeftSide",Model Group,
"On",02:15.650,02:15.850,00:00.200,"","WhiteLeftSide",Model Group,
"On",02:16.050,02:16.250,00:00.200,"","WhiteLeftSide",Model Group,
"On",02:18.100,02:18.300,00:00.200,"","WhiteLeftSide",Model Group,
"On",02:18.500,02:18.700,00:00.200,"","WhiteLeftSide",Model Group,
"On",02:18.900,02:19.100,00:00.200,"","WhiteLeftSide",Model Group,
"On",02:19.300,02:19.500,00:00.200,"","WhiteLeftSide",Model Group,
"On",00:10.000,00:10.200,00:00.200,"","WhiteRightSide",Model Group,
"On",00:10.400,00:10.600,00:00.200,"","WhiteRightSide",Model Group,
"On",00:10.800,00:11.000,00:00.200,"","WhiteRightSide",Model Group,
"On",00:11.200,00:11.400,00:00.200,"","WhiteRightSide",Model Group,
"On",00:11.600,00:11.800,00:00.200,"","WhiteRightSide",Model Group,
"On",00:12.000,00:12.200,00:00.200,"","WhiteRightSide",Model Group,
"On",00:12.400,00:12.600,00:00.200,"","WhiteRightSide",Model Group,
"On",00:12.800,00:13.000,00:00.200,"","WhiteRightSide",Model Group,
"On",00:16.450,00:16.650,00:00.200,"","WhiteRightSide",Model Group,
"On",00:16.850,00:17.050,00:00.200,"","WhiteRightSide",Model Group,
"On",00:17.250,00:17.450,00:00.200,"","WhiteRightSide",Model Group,
"On",00:17.650,00:17.850,00:00.200,"","WhiteRightSide",Model Group,
"On",00:18.050,00:18.250,00:00.200,"","WhiteRightSide",Model Group,
"On",00:18.450,00:18.650,00:00.200,"","WhiteRightSide",Model Group,
"On",00:18.850,00:19.050,00:00.200,"","WhiteRightSide",Model Group,
"On",00:19.250,00:19.450,00:00.200,"","WhiteRightSide",Model Group,
"On",00:47.450,00:47.650,00:00.200,"","WhiteRightSide",Model Group,
"On",00:47.850,00:48.050,00:00.200,"","WhiteRightSide",Model Group,
"On",00:48.250,00:48.450,00:00.200,"","WhiteRightSide",Model Group,
"On",00:48.650,00:48.850,00:00.200,"","WhiteRightSide",Model Group,
"On",00:49.100,00:49.300,00:00.200,"","WhiteRightSide",Model Group,
"On",00:49.500,00:49.700,00:00.200,"","WhiteRightSide",Model Group,
"On",00:49.900,00:50.100,00:00.200,"","WhiteRightSide",Model Group,
"On",00:50.300,00:50.500,00:00.200,"","WhiteRightSide",Model Group,
"On",00:50.700,00:50.900,00:00.200,"","WhiteRightSide",Model Group,
"On",00:51.100,00:51.300,00:00.200,"","WhiteRightSide",Model Group,
"On",00:51.500,00:51.700,00:00.200,"","WhiteRightSide",Model Group,
"On",00:51.900,00:52.100,00:00.200,"","WhiteRightSide",Model Group,
"On",00:54.000,00:54.200,00:00.200,"","WhiteRightSide",Model Group,
"On",00:54.400,00:54.600,00:00.200,"","WhiteRightSide",Model Group,
"On",00:54.800,00:55.000,00:00.200,"","WhiteRightSide",Model Group,
"On",00:55.200,00:55.400,00:00.200,"","WhiteRightSide",Model Group,
"On",00:55.650,00:55.850,00:00.200,"","WhiteRightSide",Model Group,
"On",00:56.050,00:56.250,00:00.200,"","WhiteRightSide",Model Group,
"On",00:56.450,00:56.650,00:00.200,"","WhiteRightSide",Model Group,
"On",00:56.850,00:57.050,00:00.200,"","WhiteRightSide",Model Group,
"On",00:57.250,00:57.450,00:00.200,"","WhiteRightSide",Model Group,
"On",00:57.650,00:57.850,00:00.200,"","WhiteRightSide",Model Group,
"On",00:58.050,00:58.250,00:00.200,"","WhiteRightSide",Model Group,
"On",00:58.450,00:58.650,00:00.200,"","WhiteRightSide",Model Group,
"On",01:26.400,01:26.600,00:00.200,"","WhiteRightSide",Model Group,
"On",01:26.800,01:27.000,00:00.200,"","WhiteRightSide",Model Group,
"On",01:27.200,01:27.400,00:00.200,"","WhiteRightSide",Model Group,
"On",01:27.600,01:27.800,00:00.200,"","WhiteRightSide",Model Group,
"On",01:28.050,01:28.250,00:00.200,"","WhiteRightSide",Model Group,
"On",01:28.450,01:28.650,00:00.200,"","WhiteRightSide",Model Group,
"On",01:28.850,01:29.050,00:00.200,"","WhiteRightSide",Model Group,
"On",01:29.250,01:29.450,00:00.200,"","WhiteRightSide",Model Group,
"On",01:29.650,01:29.850,00:00.200,"","WhiteRightSide",Model Group,
"On",01:30.050,01:30.250,00:00.200,"","WhiteRightSide",Model Group,
"On",01:30.450,01:30.650,00:00.200,"","WhiteRightSide",Model Group,
"On",01:30.850,01:31.050,00:00.200,"","WhiteRightSide",Model Group,
"On",01:32.850,01:33.050,00:00.200,"","WhiteRightSide",Model Group,
"On",01:33.250,01:33.450,00:00.200,"","WhiteRightSide",Model Group,
"On",01:33.650,01:33.850,00:00.200,"","WhiteRightSide",Model Group,
"On",01:34.050,01:34.250,00:00.200,"","WhiteRightSide",Model Group,
"On",01:34.500,01:34.700,00:00.200,"","WhiteRightSide",Model Group,
"On",01:34.900,01:35.100,00:00.200,"","WhiteRightSide",Model Group,
"On",01:35.300,01:35.500,00:00.200,"","WhiteRightSide",Model Group,
"On",01:35.700,01:35.900,00:00.200,"","WhiteRightSide",Model Group,
"On",01:36.100,01:36.300,00:00.200,"","WhiteRightSide",Model Group,
"On",01:36.500,01:36.700,00:00.200,"","WhiteRightSide",Model Group,
"On",01:36.900,01:37.100,00:00.200,"","WhiteRightSide",Model Group,
"On",01:37.300,01:37.500,00:00.200,"","WhiteRightSide",Model Group,
"On",02:08.400,02:08.600,00:00.200,"","WhiteRightSide",Model Group,
"On",02:08.800,02:09.000,00:00.200,"","WhiteRightSide",Model Group,
"On",02:09.200,02:09.400,00:00.200,"","WhiteRightSide",Model Group,
"On",02:09.600,02:09.800,00:00.200,"","WhiteRightSide",Model Group,
"On",02:10.050,02:10.250,00:00.200,"","WhiteRightSide",Model Group,
"On",02:10.450,02:10.650,00:00.200,"","WhiteRightSide",Model Group,
"On",02:10.850,02:11.050,00:00.200,"","WhiteRightSide",Model Group,
"On",02:11.250,02:11.450,00:00.200,"","WhiteRightSide",Model Group,
"On",02:11.650,02:11.850,00:00.200,"","WhiteRightSide",Model Group,
"On",02:12.050,02:12.250,00:00.200,"","WhiteRightSide",Model Group,
"On",02:12.450,02:12.650,00:00.200,"","WhiteRightSide",Model Group,
"On",02:12.850,02:13.050,00:00.200,"","WhiteRightSide",Model Group,
"On",02:14.850,02:15.050,00:00.200,"","WhiteRightSide",Model Group,
"On",02:15.250,02:15.450,00:00.200,"","WhiteRightSide",Model Group,
"On",02:15.650,02:15.850,00:00.200,"","WhiteRightSide",Model Group,
"On",02:16.050,02:16.250,00:00.200,"","WhiteRightSide",Model Group,
"On",02:16.500,02:16.700,00:00.200,"","WhiteRightSide",Model Group,
"On",02:16.900,02:17.100,00:00.200,"","WhiteRightSide",Model Group,
"On",02:17.300,02:17.500,00:00.200,"","WhiteRightSide",Model Group,
"On",02:17.700,02:17.900,00:00.200,"","WhiteRightSide",Model Group,
"On",02:18.100,02:18.300,00:00.200,"","WhiteRightSide",Model Group,
"On",02:18.500,02:18.700,00:00.200,"","WhiteRightSide",Model Group,
"On",02:18.900,02:19.100,00:00.200,"","WhiteRightSide",Model Group,
"On",02:19.300,02:19.500,00:00.200,"","WhiteRightSide",Model Group,
"On",00:00.000,03:21.400,03:21.400,"","WhiteSign1",Model,
"On",00:00.000,00:03.400,00:03.400,"","WhiteSnowman1",Model,
"On",00:03.750,00:04.250,00:00.500,"","WhiteSnowman1",Model,
"On",00:04.500,00:04.800,00:00.300,"","WhiteSnowman1",Model,
"On",00:04.900,00:06.400,00:01.500,"","WhiteSnowman1",Model,
"Effect Count",397

Effect Usage Summary
Effect Name,Occurences,TotalTime
"On",397,04:52.050

Summary of files used
